word,reading,pos,meaning,collocation,quadrant,count
言う,いう,動詞,说,意見を言う / 名前を言う / 嘘を言う,隐藏考点,960
自分,じぶん,名詞,自己,,隐藏考点,719
ほう,ほう,名詞,方向,,隐藏考点,485
見る,みる,動詞,,テレビを見る / 夢を見る / 景色を見る,隐藏考点,451
聞く,きく,動詞,听,音楽を聞く / 話を聞く / 意見を聞く,隐藏考点,430
思う,おもう,動詞,想,大切だと思う / そう思う / 不思議に思う,隐藏考点,417
時間,じかん,名詞,,,隐藏考点,413
考える,かんがえる,動詞,思考,問題を考える / 方法を考える / 将来を考える,隐藏考点,335
仕事,しごと,名詞,工作,,隐藏考点,276
持つ,もつ,動詞,拥有,荷物を持つ / 意見を持つ / 責任を持つ,隐藏考点,272
分かる,わかる,動詞,,意味が分かる / 理由が分かる / 気持ちが分かる,隐藏考点,272
話,はなし,名詞,话,,隐藏考点,270
子供,こども,名詞,,,隐藏考点,255
書く,かく,動詞,写,手紙を書く / ノートを書く / 報告書を書く,隐藏考点,247
必要,ひつよう,名詞,必要,,隐藏考点,233
取る,とる,動詞,,写真を取る / ノートを取る / 連絡を取る,隐藏考点,224
やる,やる,動詞,,仕事をやる / 勉強をやる / 試合をやる,隐藏考点,221
わかる,わかる,動詞,明白,使い方がわかる / 意味がわかる / 答えがわかる,隐藏考点,211
子ども,こども,名詞,孩子,,隐藏考点,206
読む,よむ,動詞,读,本を読む / 新聞を読む / 資料を読む,隐藏考点,191
日本,にっぽん,名詞,,,隐藏考点,190
使う,つかう,動詞,使用,道具を使う / 言葉を使う / 時間を使う,隐藏考点,181
会社,かいしゃ,名詞,,,隐藏考点,177
述べる,のべる,他下一,叙述,感想を述べる（发表感想）,黄金词,175
質問,しつもん,名詞,问题,,隐藏考点,175
作る,つくる,動詞,制作,料理を作る / 計画を作る / 製品を作る,隐藏考点,166
人間,にんげん,名,人，人类,,黄金词,165
利用,りよう,名詞,利用,,隐藏考点,165
場合,ばあい,名詞,情况,,隐藏考点,163
出す,だす,動詞,,声を出す / 結果を出す / 答えを出す,隐藏考点,160
知る,しる,動詞,知道,事実を知る / 情報を知る / 存在を知る,隐藏考点,156
本,ほん,名詞,,,隐藏考点,155
合う,あう,動詞,,意見が合う / サイズが合う / 気が合う,隐藏考点,153
相手,あいて,名詞,对方,,隐藏考点,151
まず,まず,副詞,首先,まず確認する / まず考える / まず始める,隐藏考点,148
同じ,おなじ,連体詞,相同,,隐藏考点,148
多い,おおい,形容詞,多,,隐藏考点,147
情報,じょうほう,名詞,信息,,隐藏考点,146
商品,しょうひん,名詞,商品,,隐藏考点,139
置く,おく,動詞,,荷物を置く / 規則を置く / 距離を置く,隐藏考点,138
よく,よく,副詞,常常,よく理解する / よく考える / よく使う,隐藏考点,134
分,ぶん,名詞,,,隐藏考点,133
人生,じんせい,名詞,,,隐藏考点,131
選ぶ,えらぶ,動詞,选择,商品を選ぶ / 職業を選ぶ / 方法を選ぶ,隐藏考点,129
感ずる,かんずる,動詞,感受,痛みを感ずる / 不安を感ずる / 喜びを感ずる,隐藏考点,129
欲しい,ほしい,形容詞,,,隐藏考点,129
理解,りかい,名詞,理解,,隐藏考点,126
大切,たいせつ,形状詞,重要,大切に扱う / 大切にする / とても大切だ,隐藏考点,125
教える,おしえる,動詞,,方法を教える / 言語を教える / 知識を教える,隐藏考点,125
力,ちから,名詞,力量,,隐藏考点,124
生活,せいかつ,名詞,生活,,隐藏考点,124
社会,しゃかい,名詞,社会,,隐藏考点,123
生,なま,接尾辞,生,,隐藏考点,120
いー,い,感動詞,,,隐藏考点,117
伝える,つたえる,動詞,,気持ちを伝える / 情報を伝える / メッセージを伝える,隐藏考点,117
文章,ぶんしょう,名詞,文章,,隐藏考点,115
内容,ないよう,名詞,内容,,隐藏考点,115
呉れる,くれる,動詞,,アドバイスをくれる / プレゼントをくれる,隐藏考点,111
気持ち,きもち,名詞,心情,,隐藏考点,108
生きる,いきる,動詞,生活,自由に生きる / 社会で生きる / 長く生きる,隐藏考点,107
電話,でんわ,名詞,,,隐藏考点,107
対する,たいする,自サ,面对；关于,文学 [ぶんがく] に対する興味（对文学的兴趣）,黄金词,106
付ける,つける,動詞,,条件を付ける / 名前を付ける / 値段を付ける,隐藏考点,106
知れる,しれる,動詞,,広く知れる / よく知れる,隐藏考点,105
可能,かのう,形状詞,可能,可能にする / 可能な限り / 実現が可能だ,隐藏考点,103
気,き,名詞,气,,隐藏考点,99
入る,はいる,動詞,进入,部屋に入る / 学校に入る / 組織に入る,隐藏考点,98
友達,ともだち,名詞,,,隐藏考点,98
頂く,いただく,動詞,,お話を頂く / ご意見を頂く / プレゼントを頂く,隐藏考点,98
自身,じしん,名,自己,,黄金词,97
やすい,やすい,接尾辞,容易,,隐藏考点,97
行動,こうどう,名詞,行动,,隐藏考点,97
高い,たかい,形容詞,高,,隐藏考点,97
過ぎる,すぎる,動詞,,時間が過ぎる / 限度を過ぎる / 度を過ぎる,隐藏考点,97
新しい,あたらしい,形容詞,新,,隐藏考点,96
考え,かんがえ,名詞,想法,,隐藏考点,94
経験,けいけん,名詞,经验,,隐藏考点,94
犬,いぬ,名詞,,,隐藏考点,94
話す,はなす,動詞,说话,日本語を話す / 経験を話す / 問題を話す,隐藏考点,93
能力,のうりょく,名詞,能力,,隐藏考点,92
知識,ちしき,名,知识,,黄金词,91
市,し,名詞,,,隐藏考点,91
訳,わけ,名詞,,,隐藏考点,91
試験,しけん,名詞,,,隐藏考点,91
訓える,おしえる,動詞,教导,方法を訓える / 知識を訓える,隐藏考点,90
食べる,たべる,動詞,吃,料理を食べる / 朝ごはんを食べる / 外食で食べる,隐藏考点,88
大学,だいがく,名詞,高等教育,,隐藏考点,88
結果,けっか,名詞,结果,,隐藏考点,88
予約,よやく,名詞,,,隐藏考点,88
客,きゃく,名詞,,,隐藏考点,88
内,うち,名詞,,,隐藏考点,87
言葉,ことば,名詞,语言,,隐藏考点,86
大きい,おおきい,形容詞,大,,隐藏考点,86
意味,いみ,名詞,意义,,隐藏考点,84
性,せい,接尾辞,性别,,隐藏考点,84
出る,でる,動詞,出现,外に出る / 結果が出る / 声が出る,隐藏考点,84
好き,すき,形状詞,喜欢,好きなことをする / 音楽が好き / 好きな食べ物,隐藏考点,84
心,こころ,名詞,心,,隐藏考点,83
与える,あたえる,動詞,给予,影響を与える / 機会を与える / ダメージを与える,隐藏考点,82
参加,さんか,名詞,参与,,隐藏考点,81
ページ,ぺーじ,名詞,页面,,隐藏考点,81
場所,ばしょ,名詞,地方,,隐藏考点,79
買う,かう,動詞,买,商品を買う / 本を買う / 野菜を買う,隐藏考点,79
物,もの,名詞,物品,,隐藏考点,79
水,みず,接尾辞,水,,隐藏考点,77
行う,おこなう,動詞,进行,実験を行う / 調査を行う / 式を行う,隐藏考点,76
なぜ,なぜ,副詞,为什么,なぜ起こる / なぜ必要か / なぜ大切か,隐藏考点,76
車,くるま,名詞,汽车,,隐藏考点,75
大人,おとな,名詞,成年人,,隐藏考点,75
表現,ひょうげん,名詞,表达,,隐藏考点,74
説明,せつめい,名詞,说明,,隐藏考点,74
作品,さくひん,名詞,作品,,隐藏考点,74
希望,きぼう,名詞,希望,,隐藏考点,73
変える,かえる,動詞,改变,計画を変える / 方法を変える / 生活を変える,隐藏考点,72
重要,じゅうよう,形状詞,重要,重要な役割 / 重要な情報 / 非常に重要だ,隐藏考点,72
価値,かち,名詞,价值,,隐藏考点,72
関係,かんけい,名詞,关系,,隐藏考点,71
環境,かんきょう,名詞,环境,,隐藏考点,71
楽しむ,たのしむ,動詞,享受,音楽を楽しむ / 旅行を楽しむ / 生活を楽しむ,隐藏考点,71
夢,ゆめ,名詞,梦想,,隐藏考点,71
次,つぎ,名詞,下一个,,隐藏考点,70
世界,せかい,名詞,世界,,隐藏考点,70
目,め,名詞,眼睛,,隐藏考点,70
違う,ちがう,動詞,不同,意見が違う / 方向が違う / 性格が違う,隐藏考点,69
部下,ぶか,名詞,下属,,隐藏考点,69
販売,はんばい,名·他サ,贩卖,商品を販売する / 製品を販売する / オンラインで販売する,黄金词,68
勉強,べんきょう,名詞,学习,,隐藏考点,68
意識,いしき,名,意识,意識を失う（失去知觉）,黄金词,67
正しい,ただしい,形容詞,正确,,隐藏考点,67
すべて,すべて,名詞,全部,,隐藏考点,67
最も,もっとも,副詞,最,最も重要な / 最も効果的な / 最も一般的な,隐藏考点,67
興味,きょうみ,名詞,兴趣,,隐藏考点,67
強い,つよい,形容詞,强,,隐藏考点,67
悪い,わるい,形容詞,坏,,隐藏考点,66
本当,ほんとう,名詞,真实,,隐藏考点,66
送る,おくる,動詞,发送,メールを送る / 荷物を送る / 時間を送る,隐藏考点,66
体,からだ,名詞,身体,,隐藏考点,66
変わる,かわる,動詞,变化,状況が変わる / 生活が変わる / 考えが変わる,隐藏考点,65
方法,ほうほう,名詞,方法,,隐藏考点,65
努力,どりょく,名詞,努力,,隐藏考点,65
確認,かくにん,名詞,确认,,隐藏考点,64
メール,めーる,名詞,邮件,,隐藏考点,64
今日,きょう,名詞,今天,,隐藏考点,64
楽しい,たのしい,形容詞,快乐,,隐藏考点,63
増える,ふえる,動詞,增加,人口が増える / 数が増える / コストが増える,隐藏考点,63
練習,れんしゅう,名詞,练习,,隐藏考点,59
時代,じだい,名詞,时代,,隐藏考点,59
学生,がくせい,名詞,学生,,隐藏考点,59
様々,さまざま,形状詞,各种,様々な方法 / 様々な問題 / 様々な視点,隐藏考点,58
見える,みえる,動詞,看见,景色が見える / 影が見える / 遠くが見える,隐藏考点,58
一人,ひとり,名詞,一个人,,隐藏考点,58
写真,しゃしん,名詞,照片,,隐藏考点,58
イメージ,いめーじ,名詞,形象,,隐藏考点,58
答え,こたえ,名詞,答案,,隐藏考点,58
社員,しゃいん,名詞,员工,,隐藏考点,58
評価,ひょうか,名·他サ,评价,過大/小評価（过高/低评价）,黄金词,57
頃,ころ,名詞,时候,,隐藏考点,57
速い,はやい,形容詞,快,,隐藏考点,57
会議,かいぎ,名詞,会议,,隐藏考点,57
全体,ぜんたい,名詞,整体,,隐藏考点,57
覚える,おぼえる,動詞,记住,単語を覚える / 方法を覚える / 経験を覚える,隐藏考点,57
すぐ,すぐ,副詞,马上,すぐ対応する / すぐ確認する / すぐ連絡する,隐藏考点,57
しかる,しかり,動詞,责备,子供をしかる / 部下をしかる,隐藏考点,57
他人,たにん,名,他人,,黄金词,56
とても,とても,副詞,非常,とても大切だ / とても重要だ / とても便利だ,隐藏考点,56
そんな,そんな,形状詞,那样,そんな状況 / そんなことはない / そんな方法,隐藏考点,56
うける,うける,動詞,受欢迎,影響をうける / 試験をうける / 注文をうける,隐藏考点,56
皆,みな,名詞,大家,,隐藏考点,56
準備,じゅんび,名詞,准备,,隐藏考点,56
解決,かいけつ,名詞,解决,,隐藏考点,56
必ず,かならず,副詞,一定,必ず守る / 必ず確認する / 必ず出席する,隐藏考点,56
研究,けんきゅう,名詞,研究,,隐藏考点,56
入れる,いれる,動詞,放入,荷物を入れる / 砂糖を入れる / 計画に入れる,隐藏考点,56
少し,すこし,副詞,一点,少し待つ / 少し難しい / 少しずつ進む,隐藏考点,55
目的,もくてき,名詞,目的,,隐藏考点,55
申し込み,もうしこみ,名詞,申请,,隐藏考点,55
決断,けつだん,名詞,决断,,隐藏考点,55
先,さき,名詞,前,,隐藏考点,55
せんたく,せんたく,名詞,选择,,隐藏考点,55
ぼく,ぼく,代名詞,我,,隐藏考点,55
求める,もとめる,他下一,寻求； 请求,職を求める（求职）,黄金词,54
変化,へんか,名詞,变化,,隐藏考点,54
大きな,おおきな,連体詞,大的,,隐藏考点,54
決める,きめる,動詞,决定,計画を決める / 方針を決める / 時間を決める,隐藏考点,54
長い,ながい,形容詞,长,,隐藏考点,54
あいさつ,あいさつ,名詞,问候,,隐藏考点,54
道,みち,名詞,道路,,隐藏考点,54
個性,こせい,名詞,个性,,隐藏考点,54
印刷,いんさつ,名·他サ,印刷,書類を印刷する / 資料を印刷する / データを印刷する,黄金词,53
選手,せんしゅ,名詞,选手,,隐藏考点,53
意見,いけん,名詞,意见,,隐藏考点,53
文化,ぶんか,名詞,文化,,隐藏考点,53
条件,じょうけん,名詞,条件,,隐藏考点,52
案内,あんない,名詞,引导,,隐藏考点,52
語,ご,名詞,语言,,隐藏考点,52
記憶,きおく,名,记忆,記憶がよい（记性好）,黄金词,51
選択,せんたく,名詞,选择,,隐藏考点,51
注文,ちゅうもん,名詞,订单,,隐藏考点,51
料金,りょうきん,名詞,费用,,隐藏考点,51
もう,もう,副詞,已经,もう十分だ / もう終わった / もう一度する,隐藏考点,51
目標,もくひょう,名詞,目标,,隐藏考点,51
気づく,きづく,動詞,察觉,問題に気づく / 変化に気づく / 間違いに気づく,隐藏考点,50
最近,さいきん,名詞,最近,,隐藏考点,49
まだ,まだ,副詞,还,まだ続ける / まだ足りない / まだ間に合う,隐藏考点,49
たくさん,たくさん,副詞,很多,たくさん食べる / たくさん勉強する / たくさん使う,隐藏考点,49
割引,わりびき,名詞,折扣,,隐藏考点,49
資料,しりょう,名詞,资料,,隐藏考点,49
走れる,はしる,動詞,能走,速く走れる / 長距離を走れる,隐藏考点,49
面白い,おもしろい,形容詞,有趣,,隐藏考点,48
回,かい,名詞,次,,隐藏考点,48
存在,そんざい,名·自サ,存在,社会に存在する / 確かに存在する / 大きく存在する,黄金词,47
場,ば,名,场所，地方,,黄金词,47
判断,はんだん,名·他サ,判断,判断を下す（下判断）,黄金词,47
文字,もじ,名詞,文字,,隐藏考点,47
申し込める,もうしこむ,動詞,可申请,コースに申し込める / 試験に申し込める,隐藏考点,47
旅行,りょこう,名詞,旅行,,隐藏考点,47
立つ,たつ,動詞,站立,役に立つ / 目立つ / 計画が立つ,隐藏考点,47
異なる,ことなる,自五,不同,姓が異なる（姓名不同）,黄金词,46
動物,どうぶつ,名詞,动物,,隐藏考点,46
技術,ぎじゅつ,名詞,技术,,隐藏考点,46
難しい,むずかしい,形容詞,困难,,隐藏考点,46
感,かん,名詞,感觉,,隐藏考点,46
ホーム,ほーむ,名詞,主页,,隐藏考点,46
文,ぶん,名詞,文,,隐藏考点,46
社,しゃ,名詞,公司,,隐藏考点,46
一緒,いっしょ,名詞,一起,,隐藏考点,46
絵,え,名詞,画,,隐藏考点,46
見つける,みつける,動詞,找到,方法を見つける / 解決策を見つける / 仕事を見つける,隐藏考点,46
自信,じしん,名詞,自信,,隐藏考点,45
量,りょう,名詞,量,,隐藏考点,45
旅,たび,名詞,旅,,隐藏考点,45
はじめて,はじめて,副詞,第一次,はじめて経験する / はじめて会う / はじめて知る,隐藏考点,45
先生,せんせい,名詞,老师,,隐藏考点,45
状態,じょうたい,名詞,状态,,隐藏考点,45
図書,としょ,名,图书,,黄金词,44
生まれる,うまれる,動詞,出生,子供が生まれる / アイデアが生まれる / 可能性が生まれる,隐藏考点,44
期間,きかん,名詞,期间,,隐藏考点,44
上司,じょうし,名詞,上司,,隐藏考点,44
予定,よてい,名詞,计划,,隐藏考点,44
国,くに,名詞,国家,,隐藏考点,43
課,か,名詞,课,,隐藏考点,43
最初,さいしょ,名詞,最初,,隐藏考点,43
数,すう,名詞,数,,隐藏考点,43
メモ,めも,名詞,备忘,,隐藏考点,43
状況,じょうきょう,名,状况,,黄金词,42
効果,こうか,名詞,效果,,隐藏考点,42
働く,はたらく,動詞,工作,会社で働く / 海外で働く / 夜遅くまで働く,隐藏考点,42
作業,さぎょう,名詞,作业,,隐藏考点,42
影響,えいきょう,名·自サ,影响,社会に影響する / 生活に影響する / 大きく影響する,黄金词,41
組織,そしき,名,组织,,黄金词,41
合わせる,あわせる,動詞,结合,時間を合わせる / 意見を合わせる / リズムを合わせる,隐藏考点,41
はず,はず,名詞,应该,,隐藏考点,41
感情,かんじょう,名詞,情感,,隐藏考点,41
消費,しょうひ,名詞,消费,,隐藏考点,41
失敗,しっぱい,名詞,失败,,隐藏考点,41
緊張,きんちょう,名·自サ,紧张,緊張した顔つき（紧张的神色）,黄金词,40
ほめる,ほめる,動詞,赞美,子供をほめる / 作品をほめる / 成績をほめる,隐藏考点,40
使用,しよう,名詞,使用,,隐藏考点,40
化,ばける,接尾辞,变化,,隐藏考点,40
十分,じゅうふん,副詞,充分,十分に準備する / 十分に理解する / 十分な時間,隐藏考点,40
声,こえ,名詞,声音,,隐藏考点,40
より,より,副詞,更,よりよくなる / より多くする / より効果的な,隐藏考点,40
不安,ふあん,名詞,不安,,隐藏考点,40
科学,かがく,名詞,科学,,隐藏考点,40
開発,かいはつ,名詞,开发,,隐藏考点,40
感動,かんどう,名詞,感动,,隐藏考点,40
色,いろ,名詞,颜色,,隐藏考点,40
実,じつ,名,果实,,黄金词,39
つながる,つながる,自五,相连，相关,事件につながる人々（与事件有牵连的人们）,黄金词,39
認める,みとめる,他下一,承认；准许,欠点 [けってん] を認める（承认缺点）,黄金词,39
まま,まま,名詞,如常,,隐藏考点,39
宇宙,うちゅう,名詞,宇宙,,隐藏考点,39
別,べつ,名詞,不同,,隐藏考点,39
いろいろ,いろいろ,副詞,各种,いろいろ試す / いろいろな方法 / いろいろ考える,隐藏考点,39
学ぶ,まなぶ,動詞,学习,経験から学ぶ / 日本語を学ぶ / 歴史を学ぶ,隐藏考点,39
特別,とくべつ,形状詞,特别,特別な機会 / 特別に扱う / 特別な意味がある,隐藏考点,39
サービス,さーびす,名詞,服务,,隐藏考点,39
手,て,名詞,手,,隐藏考点,39
つまり,つまり,副,即，也就是说,つまりそういうことだ / つまり説明する / つまり答えは,黄金词,38
アイディア,あいでぃあ,名詞,主意,,隐藏考点,38
教育,きょういく,名詞,教育,,隐藏考点,38
自由,じゆう,名詞,自由,,隐藏考点,38
大事,だいじ,形状詞,重要,大事にする / 大事な情報 / とても大事だ,隐藏考点,38
なくなる,なくなる,動詞,消失,問題がなくなる / 記憶がなくなる / 機会がなくなる,隐藏考点,38
やめる,やめる,動詞,停止,仕事をやめる / 習慣をやめる / 計画をやめる,隐藏考点,38
役,やく,名詞,角色,,隐藏考点,38
スポーツ,すぽーつ,名詞,运动,,隐藏考点,38
注意,ちゅうい,名詞,注意,,隐藏考点,37
想像,そうぞう,名詞,想象,,隐藏考点,37
運動,うんどう,名詞,运动,,隐藏考点,37
企業,きぎょう,名詞,企业,,隐藏考点,37
思い,おもい,名詞,想法,,隐藏考点,37
料,りょう,接尾辞,材料,,隐藏考点,37
集団,しゅうだん,名,集体,,黄金词,36
描く,えがく,他五,描绘,絵を描く（画画）,黄金词,36
せい,せい,名詞,原因,,隐藏考点,36
役割,やくわり,名詞,角色,,隐藏考点,36
不足,ふそく,名詞,不足,,隐藏考点,36
作成,さくせい,名·他サ,写，作,報告書を作成する（写报告）,黄金词,35
思考,しこう,名·自他サ,思考,問題を思考する / 深く思考する / 柔軟に思考する,黄金词,35
さらに,さらに,副詞,进一步,さらに発展する / さらに良くなる / さらに増える,隐藏考点,35
理由,りゆう,名詞,理由,,隐藏考点,35
法,ほう,名詞,法律,,隐藏考点,35
さい,さい,名詞,时,,隐藏考点,35
留学,りゅうがく,名詞,留学,,隐藏考点,35
生産,せいさん,名詞,生产,,隐藏考点,35
とも,とも,名詞,一起,,隐藏考点,34
重視,じゅうし,名詞,重视,,隐藏考点,34
おく,おく,動詞,放置,荷物をおく / 選択肢をおく / 資料をおく,隐藏考点,34
原因,げんいん,名詞,原因,,隐藏考点,34
現在,げんざい,名詞,现在,,隐藏考点,34
会,かい,名詞,会议,,隐藏考点,34
大変,たいへん,副詞,严重,大変お世話になる / 大変重要だ / 大変困る,隐藏考点,34
人々,ひとびと,名詞,人们,,隐藏考点,34
当日,とうじつ,名詞,当天,,隐藏考点,34
購入,こうにゅう,名詞,购买,,隐藏考点,34
すむ,すむ,動詞,居住,仕事がすむ / 問題がすむ / 話し合いがすむ,隐藏考点,34
限る,かぎる,動詞,限制,範囲を限る / 参加者を限る / 期間を限る,隐藏考点,34
好き嫌い,すききらい,名詞,喜好,,隐藏考点,34
ロボット,ろぼっと,名詞,机器人,,隐藏考点,34
深い,ふかい,形容詞,深,,隐藏考点,34
進む,すすむ,動詞,前进,計画が進む / 議論が進む / 仕事が進む,隐藏考点,33
印象,いんしょう,名詞,印象,,隐藏考点,33
製品,せいひん,名詞,产品,,隐藏考点,33
協力,きょうりょく,名詞,合作,,隐藏考点,33
機会,きかい,名詞,机会,,隐藏考点,33
共通,きょうつう,名詞,共同,,隐藏考点,33
明日,あす,名詞,明天,,隐藏考点,33
活動,かつどう,名詞,活动,,隐藏考点,33
代,だい,接尾辞,时代,,隐藏考点,33
製造,せいぞう,名詞,制造,,隐藏考点,33
価格,かかく,名詞,价格,,隐藏考点,33
品,しな,接尾辞,物品,,隐藏考点,33
団体,だんたい,名詞,团体,,隐藏考点,33
逃げる,にげる,動詞,逃跑,危険から逃げる / 現実から逃げる / 責任から逃げる,隐藏考点,33
安い,やすい,形容詞,便宜,,隐藏考点,32
成長,せいちょう,名詞,成长,,隐藏考点,32
たった,ただ,副詞,仅仅,たった一つ / たった今 / たった一人,隐藏考点,32
疑問,ぎもん,名詞,疑问,,隐藏考点,32
嫌,いや,形状詞,讨厌,嫌になる / 嫌な気持ち / 嫌な状況,隐藏考点,32
一番,いちばん,副詞,第一,一番大切だ / 一番効果的だ / 一番好きだ,隐藏考点,32
午前,ごぜん,名詞,上午,,隐藏考点,32
多様,たよう,形状詞,多样,多様な方法 / 多様な文化 / 多様な意見,隐藏考点,32
若い,わかい,形容詞,年轻,,隐藏考点,32
ガラス,がらす,名詞,玻璃,,隐藏考点,32
工夫,くふう,名·他サ,想办法,あれこれ工夫する（千方百计）,黄金词,31
営業,えいぎょう,名詞,营业,,隐藏考点,31
たしか,たしか,副詞,确实,たしか正しい / たしか覚えている / たしかそうだ,隐藏考点,31
増やす,ふやす,動詞,增加,数を増やす / 収入を増やす / 機会を増やす,隐藏考点,31
会話,かいわ,名詞,对话,,隐藏考点,31
例えば,たとえば,副詞,例如,例えば使う / 例えば挙げる / 例えば説明する,隐藏考点,31
他者,たしゃ,名詞,他人,,隐藏考点,31
探す,さがす,動詞,寻找,仕事を探す / 解決策を探す / 方法を探す,隐藏考点,31
昔,むかし,名詞,昔日,,隐藏考点,31
ノート,のーと,名詞,笔记本,,隐藏考点,31
部分,ぶぶん,名詞,部分,,隐藏考点,31
管理,かんり,名詞,管理,,隐藏考点,31
市民,しみん,名詞,市民,,隐藏考点,31
毎日,まいにち,名詞,每天,,隐藏考点,31
駅,えき,名詞,车站,,隐藏考点,31
しっかり,しっかり,副詞,牢固,しっかり準備する / しっかり確認する / しっかり学ぶ,隐藏考点,31
コピー,こぴー,名詞,复印,,隐藏考点,31
安全,あんぜん,名詞,安全,,隐藏考点,31
よろこび,よろこび,名詞,喜悦,,隐藏考点,31
成果,せいか,名詞,成果,,隐藏考点,31
嫌い,きらい,名詞,讨厌,,隐藏考点,31
午後,ごご,名詞,下午,,隐藏考点,31
歩く,あるく,動詞,走,道を歩く / 一人で歩く / 毎日歩く,隐藏考点,31
関心,かんしん,名,感兴趣,関心がある（感兴趣）,黄金词,30
姿,すがた,名,姿态,,黄金词,30
守る,まもる,動詞,保护,規則を守る / 約束を守る / 環境を守る,隐藏考点,30
センター,せんたー,名詞,中心,,隐藏考点,30
番号,ばんごう,名詞,号码,,隐藏考点,30
パソコン,ぱそこん,名詞,电脑,,隐藏考点,30
生かす,いかす,動詞,活用,経験を生かす / 才能を生かす / 時間を生かす,隐藏考点,30
変更,へんこう,名詞,变更,,隐藏考点,30
成功,せいこう,名詞,成功,,隐藏考点,30
読書,どくしょ,名詞,阅读,,隐藏考点,30
広告,こうこく,名詞,广告,,隐藏考点,30
実際,じっさい,名,实际,,黄金词,29
インターネット,いんたーねっと,名詞,互联网,,隐藏考点,29
簡単,かんたん,形状詞,简单,簡単に理解する / 簡単な方法 / 簡単に使える,隐藏考点,29
木,き,名詞,树,,隐藏考点,29
積極,せっきょく,名詞,积极,,隐藏考点,29
新,しん,接頭辞,新,,隐藏考点,29
届く,とどく,動詞,到达,荷物が届く / メッセージが届く / 声が届く,隐藏考点,29
競争,きょうそう,名詞,竞争,,隐藏考点,29
連絡,れんらく,名詞,联系,,隐藏考点,29
市場,しじょう,名詞,市场,,隐藏考点,29
体験,たいけん,名詞,体验,,隐藏考点,29
優れる,すぐれる,自下一,优秀；好，佳,優れた学者（杰出的学者）,黄金词,28
料理,りょうり,名詞,料理,,隐藏考点,28
味,あじ,名詞,味道,,隐藏考点,28
周囲,しゅうい,名詞,周围,,隐藏考点,28
決まる,きまる,動詞,决定,日程が決まる / 方針が決まる / 結果が決まる,隐藏考点,28
種類,しゅるい,名詞,种类,,隐藏考点,28
調査,ちょうさ,名詞,调查,,隐藏考点,28
昨日,きのう,名詞,昨天,,隐藏考点,28
もっと,もっと,副詞,更多,もっと勉強する / もっと良くなる / もっと大切にする,隐藏考点,28
関する,かんする,動詞,有关,問題に関する / 研究に関する / 法律に関する,隐藏考点,28
比べる,くらべる,動詞,比较,価格を比べる / 方法を比べる / 結果を比べる,隐藏考点,28
高校,こうこう,名詞,高中,,隐藏考点,28
支払う,しはらう,動詞,支付,料金を支払う / 税金を支払う / 代金を支払う,隐藏考点,28
無理,むり,名詞,不可能,,隐藏考点,28
対象,たいしょう,名詞,对象,,隐藏考点,28
部,ぶ,名詞,部,,隐藏考点,28
おいしい,おいしい,形容詞,美味,,隐藏考点,28
小,しょう,接頭辞,小,,隐藏考点,28
クラス,くらす,名詞,班级,,隐藏考点,28
作家,さっか,名詞,作家,,隐藏考点,28
見学,けんがく,名詞,参观,,隐藏考点,28
提出,ていしゅつ,名詞,提交,,隐藏考点,28
調べる,しらべる,動詞,调查,情報を調べる / 原因を調べる / 状況を調べる,隐藏考点,28
ストレス,すとれす,名詞,压力,,隐藏考点,28
出発,しゅっぱつ,名詞,出发,,隐藏考点,28
聞き手,ききて,名詞,听众,,隐藏考点,28
約,やく,接頭辞,大约,,隐藏考点,27
上手,じょうず,形状詞,擅长,上手に使う / 上手に話す / 上手な方法,隐藏考点,27
山,やま,名詞,山,,隐藏考点,27
受付,うけつけ,名詞,接待,,隐藏考点,27
長め,ながめ,形状詞,稍长,少し長め / 長めの時間 / 長めに設定する,隐藏考点,27
夜,よる,名詞,夜晚,,隐藏考点,27
若者,わかもの,名詞,年轻人,,隐藏考点,27
健康,けんこう,名詞,健康,,隐藏考点,27
試合,しあい,名詞,比赛,,隐藏考点,27
日常,にちじょう,名詞,日常,,隐藏考点,27
受け入れる,うけいれる,動詞,接受,意見を受け入れる / 変化を受け入れる / 提案を受け入れる,隐藏考点,27
温度,おんど,名詞,温度,,隐藏考点,27
将来,しょうらい,名詞,将来,,隐藏考点,27
無料,むりょう,名詞,免费,,隐藏考点,27
起きる,おきる,動詞,起床,事件が起きる / 問題が起きる / 変化が起きる,隐藏考点,27
一方,いっぽう,名·接,一个方向；一方面；一直/另一方面，且说,,黄金词,26
寄付,きふ,名·他サ,捐献,お金を寄付する / 物品を寄付する / 団体に寄付する,黄金词,26
コース,こーす,名,课程；路线,,黄金词,26
辛い,つらい,形容詞,辛苦,,隐藏考点,26
テレビ,てれび,名詞,电视,,隐藏考点,26
会う,あう,動詞,见面,友人に会う / 初めて会う / 偶然に会う,隐藏考点,26
アンケート,あんけーと,名詞,问卷,,隐藏考点,26
道路,どうろ,名詞,道路,,隐藏考点,26
乗る,のる,動詞,乘坐,電車に乗る / バスに乗る / 車に乗る,隐藏考点,26
自己,じこ,名詞,自己,,隐藏考点,26
とらえる,とらえる,動詞,抓住,問題をとらえる / 機会をとらえる / 意味をとらえる,隐藏考点,26
就職,しゅうしょく,名詞,就业,,隐藏考点,26
会場,かいじょう,名詞,会场,,隐藏考点,26
自動,じどう,名詞,自动,,隐藏考点,26
海外,かいがい,名詞,海外,,隐藏考点,26
プラン,ぷらん,名詞,计划,,隐藏考点,26
受け取る,うけとる,動詞,接收,荷物を受け取る / メッセージを受け取る / 給料を受け取る,隐藏考点,26
けいじ,けいじ,名詞,警示,,隐藏考点,26
とおり,とおり,名詞,街道,,隐藏考点,26
口,くち,名詞,口,,隐藏考点,26
幸福,こうふく,名詞,幸福,,隐藏考点,26
事務,じむ,名詞,事务,,隐藏考点,26
地図,ちず,名詞,地图,,隐藏考点,25
きっかけ,きっかけ,名詞,契机,,隐藏考点,25
過ごす,すごす,動詞,度过,時間を過ごす / 休日を過ごす / 楽しく過ごす,隐藏考点,25
違い,ちがい,名詞,差异,,隐藏考点,25
現代,げんだい,名詞,现代,,隐藏考点,25
各,かく,接頭辞,各个,,隐藏考点,25
修理,しゅうり,名詞,修理,,隐藏考点,25
きちんと,きちんと,副詞,整齐,きちんと準備する / きちんと確認する / きちんと伝える,隐藏考点,25
小説,しょうせつ,名詞,小说,,隐藏考点,25
金額,きんがく,名,金额,,黄金词,24
家族,かぞく,名詞,家庭,,隐藏考点,24
まつ,まつ,動詞,等待,バスをまつ / 結果をまつ / チャンスをまつ,隐藏考点,24
したがう,したがう,動詞,遵循,規則にしたがう / 指示にしたがう / 流れにしたがう,隐藏考点,24
しめす,しめす,動詞,表示,証拠をしめす / 方向をしめす / 結果をしめす,隐藏考点,24
ほとんど,ほとんど,名詞,几乎,,隐藏考点,24
講義,こうぎ,名詞,讲座,,隐藏考点,24
受講,じゅこう,名詞,听课,,隐藏考点,24
花粉,かふん,名詞,花粉,,隐藏考点,24
非常,ひじょう,形状詞,非常,非常に重要だ / 非常に効果的だ / 非常に便利だ,隐藏考点,24
届ける,とどける,動詞,送达,荷物を届ける / 情報を届ける / 書類を届ける,隐藏考点,24
食,しょく,名詞,食物,,隐藏考点,24
周り,まわり,名詞,周围,,隐藏考点,24
役立つ,やくだつ,動詞,有用,社会に役立つ / 仕事に役立つ / 知識が役立つ,隐藏考点,24
過程,かてい,名詞,过程,,隐藏考点,24
直接,ちょくせつ,副詞,直接,直接伝える / 直接会う / 直接確認する,隐藏考点,24
建てる,たてる,動詞,建造,家を建てる / ビルを建てる / 計画を建てる,隐藏考点,24
おもちゃ,おもちゃ,名詞,玩具,,隐藏考点,24
ちゅうりん,ちゅうりん,名詞,骑行,,隐藏考点,24
鑑賞,かんしょう,名·他サ,鉴赏,音楽を鑑賞する（欣赏音乐）,黄金词,23
姿勢,しせい,名,姿势,,黄金词,23
集中,しゅうちゅう,名·自他サ,集中,仕事に集中する / 勉強に集中する / 一点に集中する,黄金词,23
しわ,しわ,名,皱纹,,黄金词,23
当然,とうぜん,副,当然，应该,当然の結果だ / 当然理解できる / 当然のことだ,黄金词,23
経済,けいざい,名詞,经济,,隐藏考点,23
新聞,しんぶん,名詞,新闻,,隐藏考点,23
施設,しせつ,名詞,设施,,隐藏考点,23
対応,たいおう,名詞,应对,,隐藏考点,23
開く,ひらく,動詞,打开,扉を開く / 会議を開く / 店を開く,隐藏考点,23
名,な,名詞,名字,,隐藏考点,23
指導,しどう,名詞,指导,,隐藏考点,23
セット,せっと,名詞,套装,,隐藏考点,23
生じる,しょうずる,動詞,产生,問題が生じる / 変化が生じる / 差が生じる,隐藏考点,23
起こる,おこる,動詞,发生,事故が起こる / 変化が起こる / 問題が起こる,隐藏考点,23
風景,ふうけい,名詞,风景,,隐藏考点,23
電気,でんき,名詞,电,,隐藏考点,23
問い,とい,名詞,问题,,隐藏考点,23
納品,のうひん,名詞,交货,,隐藏考点,23
広げる,ひろげる,動詞,扩展,視野を広げる / 活動を広げる / 可能性を広げる,隐藏考点,23
負担,ふたん,名詞,负担,,隐藏考点,23
売れる,うれる,動詞,畅销,商品が売れる / 本がよく売れる / 新製品が売れる,隐藏考点,23
誤解,ごかい,名詞,误解,,隐藏考点,23
歌,うた,名詞,歌曲,,隐藏考点,23
完成,かんせい,名·自他サ,完成,作品を完成する / 計画を完成する / 無事に完成する,黄金词,22
筆者,ひっしゃ,名,笔者,,黄金词,22
反対,はんたい,名詞,反对,,隐藏考点,22
期待,きたい,名詞,期待,,隐藏考点,22
性格,せいかく,名詞,性格,,隐藏考点,22
部屋,へや,名詞,房间,,隐藏考点,22
注目,ちゅうもく,名詞,关注,,隐藏考点,22
すすめる,すすめる,動詞,推荐,仕事をすすめる / 計画をすすめる / 話をすすめる,隐藏考点,22
地球,ちきゅう,名詞,地球,,隐藏考点,22
意図,いと,名詞,意图,,隐藏考点,22
セミナー,せみなー,名詞,研讨会,,隐藏考点,22
ずっと,ずっと,副詞,一直,ずっと続ける / ずっと大切にする / ずっと覚えている,隐藏考点,22
動く,うごく,動詞,移动,機械が動く / 計画が動く / 心が動く,隐藏考点,22
いくら,いくら,名詞,多少,,隐藏考点,22
捨てる,すてる,動詞,丢弃,ゴミを捨てる / 古いものを捨てる / 考えを捨てる,隐藏考点,22
服,ふく,名詞,衣服,,隐藏考点,22
消す,けす,動詞,消除,電気を消す / 記録を消す / 音を消す,隐藏考点,22
一般,いっぱん,名詞,一般,,隐藏考点,22
スタッフ,すたっふ,名詞,员工,,隐藏考点,22
以外,いがい,名詞,以外,,隐藏考点,22
担当,たんとう,名詞,负责,,隐藏考点,22
かまう,かまう,動詞,关心,他人をかまう / 細かいことをかまう / 関係をかまう,隐藏考点,22
取れる,とれる,動詞,能取,コミュニケーションが取れる / バランスが取れる / ストレスが取れる,隐藏考点,22
未来,みらい,名詞,将来,,隐藏考点,22
どちら,どちら,代名詞,哪边,,隐藏考点,22
刺激,しげき,名詞,刺激,,隐藏考点,22
すでに,すでに,副詞,已经,すでに完成した / すでに知っている / すでに対応した,隐藏考点,22
育てる,そだてる,動詞,培养,子供を育てる / 才能を育てる / 人材を育てる,隐藏考点,22
人工,じんこう,名詞,人造,,隐藏考点,22
まったく,まったく,副詞,完全,まったく理解できない / まったく変わらない / まったく同じだ,隐藏考点,22
表面,ひょうめん,名詞,表面,,隐藏考点,22
機,き,名詞,机器,,隐藏考点,22
歌える,うたう,動詞,能唱,日本語で歌える / 歌を歌える / 上手に歌える,隐藏考点,22
物事,ものごと,名詞,事物,,隐藏考点,22
すばらしい,すばらしい,形容詞,精彩,,隐藏考点,21
友人,ゆうじん,名詞,朋友,,隐藏考点,21
今後,こんご,名詞,今后,,隐藏考点,21
あたりまえ,あたりまえ,形状詞,理所当然,あたりまえのことだ / あたりまえに思う,隐藏考点,21
国際,こくさい,名詞,国际,,隐藏考点,21
払う,はらう,動詞,支付,料金を払う / 注意を払う / 税金を払う,隐藏考点,21
レベル,れべる,名詞,水平,,隐藏考点,21
適切,てきせつ,形状詞,适当,適切に対応する / 適切な方法 / 適切な情報を与える,隐藏考点,21
小さい,ちいさい,形容詞,小,,隐藏考点,21
下がる,さがる,動詞,下降,温度が下がる / 価格が下がる / 気分が下がる,隐藏考点,21
第,だい,接頭辞,第,,隐藏考点,21
具体,ぐたい,名詞,具体,,隐藏考点,21
か月,かげつ,名詞,个月,,隐藏考点,21
花,はな,名詞,花,,隐藏考点,21
呼ぶ,よぶ,動詞,呼唤,名前を呼ぶ / タクシーを呼ぶ / 仲間を呼ぶ,隐藏考点,21
文書,ぶんしょ,名詞,文档,,隐藏考点,21
最後,さいご,名詞,最后,,隐藏考点,21
向上,こうじょう,名詞,提升,,隐藏考点,21
側,がわ,名詞,侧,,隐藏考点,21
号,ごう,名詞,号,,隐藏考点,21
鉄道,てつどう,名詞,铁路,,隐藏考点,21
現実,げんじつ,名詞,现实,,隐藏考点,21
食べ物,たべもの,名詞,食物,,隐藏考点,21
発見,はっけん,名詞,发现,,隐藏考点,21
時期,じき,名詞,时期,,隐藏考点,21
顔,かお,名詞,脸,,隐藏考点,21
らしい,らしい,接尾辞,似乎,,隐藏考点,21
指定,してい,名詞,指定,,隐藏考点,21
向け,むける,接尾辞,面向,,隐藏考点,21
元,もと,名,原来,,黄金词,20
超える,こえる,自下一,超过,国境 [こっきょう] を超える（超越国界）,黄金词,20
今回,こんかい,名詞,此次,,隐藏考点,20
大会,たいかい,名詞,大会,,隐藏考点,20
億,おく,名詞,亿,,隐藏考点,20
子,こ,名詞,孩子,,隐藏考点,20
がち,がち,接尾辞,倾向,,隐藏考点,20
川,かわ,名詞,河,,隐藏考点,20
広がる,ひろがる,動詞,扩展,範囲が広がる / 影響が広がる / 可能性が広がる,隐藏考点,20
運ぶ,はこぶ,動詞,运输,荷物を運ぶ / 物資を運ぶ / 人を運ぶ,隐藏考点,20
仲間,なかま,名詞,伙伴,,隐藏考点,20
まとめる,まとめる,動詞,总结,内容をまとめる / 考えをまとめる / 資料をまとめる,隐藏考点,20
充実,じゅうじつ,名詞,充实,,隐藏考点,20
なかなか,なかなか,副詞,相当,なかなか難しい / なかなか進まない / なかなか良い,隐藏考点,20
始まる,はじまる,動詞,开始,授業が始まる / 会議が始まる / プロジェクトが始まる,隐藏考点,20
応募,おうぼ,名詞,申请,,隐藏考点,20
皿,さら,名詞,盘子,,隐藏考点,20
携帯,けいたい,名詞,手机,,隐藏考点,20
世の中,よのなか,名詞,世界,,隐藏考点,20
程度,ていど,名詞,程度,,隐藏考点,20
着る,きる,動詞,穿,服を着る / コートを着る / 制服を着る,隐藏考点,20
イベント,いべんと,名詞,活动,,隐藏考点,20
外,そと,接尾辞,外面,,隐藏考点,20
集める,あつめる,動詞,收集,情報を集める / データを集める / 資金を集める,隐藏考点,20
視点,してん,名詞,视角,,隐藏考点,20
含む,ふくむ,動詞,包含,情報を含む / 費用を含む / リスクを含む,隐藏考点,20
人気,にんき,名詞,人气,,隐藏考点,20
全員,ぜんいん,名詞,全员,,隐藏考点,20
教室,きょうしつ,名詞,教室,,隐藏考点,20
回答,かいとう,名詞,回答,,隐藏考点,20
世代,せだい,名詞,世代,,隐藏考点,20
睡眠,すいみん,名詞,睡眠,,隐藏考点,20
講座,こうざ,名詞,讲座,,隐藏考点,20
